MariaDB [test_sp]>   set @GLOBAL1 = 3;
--------------
set @GLOBAL1 = 3
--------------

Query OK, 0 rows affected (0.000 sec)

MariaDB [test_sp]>   set @i1 = 1;
--------------
set @i1 = 1
--------------

Query OK, 0 rows affected (0.000 sec)

MariaDB [test_sp]>   set @i2 = 2;
--------------
set @i2 = 2
--------------

Query OK, 0 rows affected (0.000 sec)

MariaDB [test_sp]>   select "env", @i1, @i2;
--------------
select "env", @i1, @i2
--------------

+-----+------+------+
| env | @i1  | @i2  |
+-----+------+------+
| env |    1 |    2 |
+-----+------+------+
1 row in set (0.000 sec)

MariaDB [test_sp]>   call sp_o(@i1, @i2);
--------------
call sp_o(@i1, @i2)
--------------

+-------+------+------+----------+
| start | VAR1 | VAR2 | @GLOBAL1 |
+-------+------+------+----------+
| start | NULL |    2 |        3 |
+-------+------+------+----------+
1 row in set (0.000 sec)

+-----+------+------+----------+
| end | VAR1 | VAR2 | @GLOBAL1 |
+-----+------+------+----------+
| end |    3 |    4 |        3 |
+-----+------+------+----------+
1 row in set (0.000 sec)

Query OK, 1 row affected (0.000 sec)

MariaDB [test_sp]>   select "env", @i1, @i2;
--------------
select "env", @i1, @i2
--------------

+-----+------+------+
| env | @i1  | @i2  |
+-----+------+------+
| env |    3 |    4 |
+-----+------+------+
1 row in set (0.000 sec)

MariaDB [test_sp]>
